{
  "IcoMoonType": "selection",
  "icons": [
    {
      "icon": {
        "paths": [
          "M896 704v128h-768v-128h-128v256h1024v-256zM768 384h-192v-320h-128v320h-192l256 384z"
        ],
        "attrs": [],
        "isMulticolor": false,
        "isMulticolor2": false,
        "tags": [
          "download",
          "save",
          "store",
          "inbox",
          "arrow"
        ],
        "defaultCode": 60547,
        "grid": 16
      },
      "attrs": [],
      "properties": {
        "order": 5,
        "prevSize": 16,
        "ligatures": "download4, save10",
        "name": "download4",
        "id": 899,
        "code": 60547
      },
      "setIdx": 0,
      "setId": 0,
      "iconIdx": 899
    },
    {
      "icon": {
        "paths": [
          "M877.254 402.746l-320-320c-24.992-24.994-65.514-24.994-90.508 0l-320 320c-24.994 24.994-24.994 65.516 0 90.51 24.994 24.996 65.516 24.996 90.51 0l210.744-210.746v613.49c0 35.346 28.654 64 64 64s64-28.654 64-64v-613.49l210.746 210.746c12.496 12.496 28.876 18.744 45.254 18.744s32.758-6.248 45.254-18.746c24.994-24.994 24.994-65.514 0-90.508z"
        ],
        "attrs": [],
        "isMulticolor": false,
        "isMulticolor2": false,
        "tags": [
          "arrow-up",
          "up",
          "upload",
          "top"
        ],
        "defaultCode": 60892,
        "grid": 16
      },
      "attrs": [],
      "properties": {
        "order": 4,
        "prevSize": 16,
        "ligatures": "arrow-up8, up8",
        "name": "arrow-up8",
        "id": 1244,
        "code": 60892
      },
      "setIdx": 0,
      "setId": 0,
      "iconIdx": 1244
    },
    {
      "icon": {
        "paths": [
          "M608 192h160v-192h-160c-123.514 0-224 100.486-224 224v96h-128v192h128v512h192v-512h160l32-192h-192v-96c0-17.346 14.654-32 32-32z"
        ],
        "attrs": [],
        "isMulticolor": false,
        "isMulticolor2": false,
        "tags": [
          "facebook",
          "brand",
          "social"
        ],
        "defaultCode": 61167,
        "grid": 16
      },
      "attrs": [],
      "properties": {
        "order": 2,
        "prevSize": 16,
        "ligatures": "facebook, brand10",
        "name": "facebook",
        "id": 1519,
        "code": 61167
      },
      "setIdx": 0,
      "setId": 0,
      "iconIdx": 1519
    },
    {
      "icon": {
        "paths": [
          "M1024 226.4c-37.6 16.8-78.2 28-120.6 33 43.4-26 76.6-67.2 92.4-116.2-40.6 24-85.6 41.6-133.4 51-38.4-40.8-93-66.2-153.4-66.2-116 0-210 94-210 210 0 16.4 1.8 32.4 5.4 47.8-174.6-8.8-329.4-92.4-433-219.6-18 31-28.4 67.2-28.4 105.6 0 72.8 37 137.2 93.4 174.8-34.4-1-66.8-10.6-95.2-26.2 0 0.8 0 1.8 0 2.6 0 101.8 72.4 186.8 168.6 206-17.6 4.8-36.2 7.4-55.4 7.4-13.6 0-26.6-1.4-39.6-3.8 26.8 83.4 104.4 144.2 196.2 146-72 56.4-162.4 90-261 90-17 0-33.6-1-50.2-3 93.2 59.8 203.6 94.4 322.2 94.4 386.4 0 597.8-320.2 597.8-597.8 0-9.2-0.2-18.2-0.6-27.2 41-29.4 76.6-66.4 104.8-108.6z"
        ],
        "attrs": [],
        "isMulticolor": false,
        "isMulticolor2": false,
        "tags": [
          "twitter",
          "brand",
          "tweet",
          "social"
        ],
        "defaultCode": 61173,
        "grid": 16
      },
      "attrs": [],
      "properties": {
        "order": 3,
        "prevSize": 16,
        "ligatures": "twitter, brand16",
        "name": "twitter",
        "id": 1525,
        "code": 61173
      },
      "setIdx": 0,
      "setId": 0,
      "iconIdx": 1525
    }
  ],
  "height": 1024,
  "metadata": {
    "name": "icomoon"
  },
  "preferences": {
    "showGlyphs": true,
    "showCodes": true,
    "showQuickUse": true,
    "showQuickUse2": true,
    "showSVGs": true,
    "fontPref": {
      "prefix": "icon-",
      "metadata": {
        "fontFamily": "icomoon"
      },
      "metrics": {
        "emSize": 1024,
        "baseline": 6.25,
        "whitespace": 50
      }
    },
    "imagePref": {
      "prefix": "icon-",
      "png": true,
      "useClassSelector": true,
      "color": 0,
      "bgColor": 16777215
    },
    "historySize": 100
  }
}